{
    "metrics": [
        {
            "metric": "DatasetDriftMetric",
            "result": {
                "drift_share": 0.5,
                "number_of_columns": 3,
                "number_of_drifted_columns": 0,
                "share_of_drifted_columns": 0.0,
                "dataset_drift": false
            }
        },
        {
            "metric": "DataDriftTable",
            "result": {
                "number_of_columns": 3,
                "number_of_drifted_columns": 0,
                "share_of_drifted_columns": 0.0,
                "dataset_drift": false,
                "drift_by_columns": {
                    "attendance": {
                        "column_name": "attendance",
                        "column_type": "num",
                        "stattest_name": "K-S p_value",
                        "stattest_threshold": 0.05,
                        "drift_score": 0.7421257236103146,
                        "drift_detected": false,
                        "current": {
                            "small_distribution": {
                                "x": [
                                    0.0,
                                    2.0,
                                    4.0,
                                    6.0,
                                    8.0,
                                    10.0,
                                    12.0,
                                    14.0,
                                    16.0,
                                    18.0,
                                    20.0
                                ],
                                "y": [
                                    0.10833333333333334,
                                    0.13333333333333333,
                                    0.06666666666666667,
                                    0.058333333333333334,
                                    0.06666666666666667,
                                    0.016666666666666666,
                                    0.025,
                                    0.0,
                                    0.008333333333333333,
                                    0.016666666666666666
                                ]
                            }
                        },
                        "reference": {
                            "small_distribution": {
                                "x": [
                                    0.0,
                                    7.5,
                                    15.0,
                                    22.5,
                                    30.0,
                                    37.5,
                                    45.0,
                                    52.5,
                                    60.0,
                                    67.5,
                                    75.0
                                ],
                                "y": [
                                    0.09687763713080169,
                                    0.02430379746835443,
                                    0.008438818565400845,
                                    0.0016877637130801686,
                                    0.00033755274261603374,
                                    0.0006751054852320675,
                                    0.0,
                                    0.0006751054852320675,
                                    0.0,
                                    0.00033755274261603374
                                ]
                            }
                        }
                    },
                    "hours_studied": {
                        "column_name": "hours_studied",
                        "column_type": "num",
                        "stattest_name": "K-S p_value",
                        "stattest_threshold": 0.05,
                        "drift_score": 0.0977087622485855,
                        "drift_detected": false,
                        "current": {
                            "small_distribution": {
                                "x": [
                                    1.0,
                                    15.9,
                                    30.8,
                                    45.7,
                                    60.6,
                                    75.5,
                                    90.4,
                                    105.3,
                                    120.2,
                                    135.1,
                                    150.0
                                ],
                                "y": [
                                    0.05592841163310962,
                                    0.0,
                                    0.0,
                                    0.0044742729306487695,
                                    0.0,
                                    0.0,
                                    0.004474272930648772,
                                    0.0,
                                    0.0,
                                    0.002237136465324384
                                ]
                            }
                        },
                        "reference": {
                            "small_distribution": {
                                "x": [
                                    1.0,
                                    1.3,
                                    1.6,
                                    1.9,
                                    2.2,
                                    2.5,
                                    2.8,
                                    3.1,
                                    3.4,
                                    3.6999999999999997,
                                    4.0
                                ],
                                "y": [
                                    0.8860759493670884,
                                    0.0,
                                    0.0,
                                    1.6708860759493656,
                                    0.0,
                                    0.0,
                                    0.5485232067510544,
                                    0.0,
                                    0.0,
                                    0.22784810126582256
                                ]
                            }
                        }
                    },
                    "previous_score": {
                        "column_name": "previous_score",
                        "column_type": "num",
                        "stattest_name": "K-S p_value",
                        "stattest_threshold": 0.05,
                        "drift_score": 0.9967123930222314,
                        "drift_detected": false,
                        "current": {
                            "small_distribution": {
                                "x": [
                                    5.0,
                                    6.4,
                                    7.8,
                                    9.2,
                                    10.6,
                                    12.0,
                                    13.399999999999999,
                                    14.799999999999999,
                                    16.2,
                                    17.6,
                                    19.0
                                ],